{"count":1,"gauges":{},"self":11.6821792,"total":12.373511299999999,"children":{"AgentResetIfDone":{"count":596,"self":0.0020023,"total":0.0020023,"children":null},"AgentSendState":{"count":596,"self":0.022021799999999998,"total":0.086080099999999993,"children":{"CollectObservations":{"count":2384,"self":0.0640583,"total":0.0640583,"children":null}}},"DecideAction":{"count":596,"self":0.5911275,"total":0.5911275,"children":null},"AcademyStep":{"count":596,"self":0.0020003,"total":0.0020003,"children":null},"AgentAct":{"count":596,"self":0.0089941999999999991,"total":0.0089941999999999991,"children":null}}}