{"cameraMode":{"drawMode":0,"name":"Shaded","section":"Shading Mode"},"sceneLighting":false,"audioPlay":false,"sceneViewState":{"showFog":true,"showMaterialUpdate":false,"showSkybox":false,"showFlares":true,"showImageEffects":true,"showParticleSystems":true},"in2DMode":false,"pivot":{"x":0.11620475351810456,"y":2.0568947792053224,"z":0.20563149452209474},"rotation":{"x":0.029948361217975618,"y":0.05604737251996994,"z":-0.0016818786971271039,"w":0.9979793429374695},"size":3.063112735748291,"orthographic":false}