{"cameraMode":{"drawMode":0,"name":"Shaded","section":"Shading Mode"},"sceneLighting":false,"audioPlay":false,"sceneViewState":{"showFog":true,"showMaterialUpdate":false,"showSkybox":false,"showFlares":true,"showImageEffects":true,"showParticleSystems":true},"in2DMode":false,"pivot":{"x":1.0240559577941895,"y":3.430450916290283,"z":1.3023231029510499},"rotation":{"x":0.459746390581131,"y":0.023972101509571077,"z":-0.012416169047355652,"w":0.8876397609710693},"size":5.8600754737854,"orthographic":false}