{"cameraMode":{"drawMode":0,"name":"Shaded","section":"Shading Mode"},"sceneLighting":true,"audioPlay":false,"sceneViewState":{"showFog":true,"showMaterialUpdate":false,"showSkybox":false,"showFlares":true,"showImageEffects":true,"showParticleSystems":true},"in2DMode":false,"pivot":{"x":15.152822494506836,"y":-1.8733817338943482,"z":7.535717010498047},"rotation":{"x":0.48105546832084658,"y":0.010519793257117272,"z":-0.005772944539785385,"w":0.8766075968742371},"size":47.69920349121094,"orthographic":false}